name,type,username,password,key,comment
name0,type0,username0,password0,key0,comment0
name1,type1,username1,password1,key1,comment1
name2,type2,username2,password2,key2,comment2
name3,type3,username3,password3,key3,comment3
name4,type4,username4,password4,key4,comment4
name5,type5,username5,password5,key5,comment5
name6,type6,username6,password6,key6,comment6
name7,type7,username7,password7,key7,comment7
name8,type8,username8,password8,key8,comment8
name9,type9,username9,password9,key9,comment9
