name,environment_name,value,description,comment,used_by
name0,environment_name0,value0,description0,comment0,used_by0
name1,environment_name1,value1,description1,comment1,used_by1
name2,environment_name2,value2,description2,comment2,used_by2
name3,environment_name3,value3,description3,comment3,used_by3
name4,environment_name4,value4,description4,comment4,used_by4
name5,environment_name5,value5,description5,comment5,used_by5
name6,environment_name6,value6,description6,comment6,used_by6
name7,environment_name7,value7,description7,comment7,used_by7
name8,environment_name8,value8,description8,comment8,used_by8
name9,environment_name9,value9,description9,comment9,used_by9
