name,environment_name,description,called_function,input_variables,output_variables,comment
name0,environment_name0,description0,called_function0,input_variables0,output_variables0,comment0
name1,environment_name1,description1,called_function1,input_variables1,output_variables1,comment1
name2,environment_name2,description2,called_function2,input_variables2,output_variables2,comment2
name3,environment_name3,description3,called_function3,input_variables3,output_variables3,comment3
name4,environment_name4,description4,called_function4,input_variables4,output_variables4,comment4
name5,environment_name5,description5,called_function5,input_variables5,output_variables5,comment5
name6,environment_name6,description6,called_function6,input_variables6,output_variables6,comment6
name7,environment_name7,description7,called_function7,input_variables7,output_variables7,comment7
name8,environment_name8,description8,called_function8,input_variables8,output_variables8,comment8
name9,environment_name9,description9,called_function9,input_variables9,output_variables9,comment9
