name,solution,fqdn,relative_url,documentation,method,description,payload,header,body,query_params,custom_variables,authentication_profile,inputs_variables,output_variables
name0,fqdn0,relative_url0,documentation0,method0,description0,payload0,header0,body0,query_params0,custom_variables0,authentication_profile0,inputs_variables0,output_variables0
name1,fqdn1,relative_url1,documentation1,method1,description1,payload1,header1,body1,query_params1,custom_variables1,authentication_profile1,inputs_variables1,output_variables1
name2,fqdn2,relative_url2,documentation2,method2,description2,payload2,header2,body2,query_params2,custom_variables2,authentication_profile2,inputs_variables2,output_variables2
name3,fqdn3,relative_url3,documentation3,method3,description3,payload3,header3,body3,query_params3,custom_variables3,authentication_profile3,inputs_variables3,output_variables3
name4,fqdn4,relative_url4,documentation4,method4,description4,payload4,header4,body4,query_params4,custom_variables4,authentication_profile4,inputs_variables4,output_variables4
name5,fqdn5,relative_url5,documentation5,method5,description5,payload5,header5,body5,query_params5,custom_variables5,authentication_profile5,inputs_variables5,output_variables5
name6,fqdn6,relative_url6,documentation6,method6,description6,payload6,header6,body6,query_params6,custom_variables6,authentication_profile6,inputs_variables6,output_variables6
name7,fqdn7,relative_url7,documentation7,method7,description7,payload7,header7,body7,query_params7,custom_variables7,authentication_profile7,inputs_variables7,output_variables7
name8,fqdn8,relative_url8,documentation8,method8,description8,payload8,header8,body8,query_params8,custom_variables8,authentication_profile8,inputs_variables8,output_variables8
name9,fqdn9,relative_url9,documentation9,method9,description9,payload9,header9,body9,query_params9,custom_variables9,authentication_profile9,inputs_variables9,output_variables9
