workflow_name,step,step_name,input,output,comment
workflow_name0,step0,step_name0,input0,output0,comment0
workflow_name1,step1,step_name1,input1,output1,comment1
workflow_name2,step2,step_name2,input2,output2,comment2
workflow_name3,step3,step_name3,input3,output3,comment3
workflow_name4,step4,step_name4,input4,output4,comment4
workflow_name5,step5,step_name5,input5,output5,comment5
workflow_name6,step6,step_name6,input6,output6,comment6
workflow_name7,step7,step_name7,input7,output7,comment7
workflow_name8,step8,step_name8,input8,output8,comment8
workflow_name9,step9,step_name9,input9,output9,comment9
